Date,Day,Implementation,Version,Review Status,Remarks
01-Oct-25,Wednesday,"Initial commit - Project creation with core structure, database models, and basic authentication setup",v1.0,Approved,Foundation complete - All core models and API structure initialized
02-Oct-25,Thursday,"Setup MongoDB connection, created Faculty and Student models, basic API endpoints",v1.0,Approved,Database models working perfectly - MongoDB connection stable
05-Oct-25,Sunday,"Implemented Frontend login page with form validation, styled with CSS",v1.0,Approved,Login system fully functional with validation and error handling
10-Oct-25,Friday,"Added late marking feature, created Mark Student Late page, integrated notifications",v1.0,Approved,Core feature working - Late marking with notifications fully operational
15-Oct-25,Wednesday,"Created Student Dashboard, added analytics chart, implemented student-facing features",v1.0,Approved,Guide approved student dashboard design. Need to add more analytics metrics
20-Oct-25,Monday,"Added barcode scanner integration attempt, improved Excel export functionality, enhanced mobile UI",v1.0,Removed Later,Barcode scanner couldn't read student ID card format - Feature removed in cleanup phase
25-Oct-25,Saturday,"Fixed CORS issues, optimized backend for Vercel deployment, updated environment configuration",v1.0.1,Approved,CORS configured successfully - Backend optimized for production
01-Nov-25,Saturday,"Created v2.0.0 - Major overhaul: improved code structure, enhanced security, updated README",v2.0,Approved,Major improvements accepted. Code quality enhanced significantly
05-Nov-25,Wednesday,"Added professional README documentation, created deployment guides, organized file structure",v2.0,Approved,Documentation complete
10-Nov-25,Monday,"Implemented role-based access control (RBAC) - Faculty, Admin, SuperAdmin roles",v2.0,Approved,RBAC implementation approved. Good security foundation
15-Nov-25,Saturday,"Created Admin Management page, added faculty registration/deletion features, audit logging",v2.0.1,Approved,Admin panel fully implemented with all management features working
20-Nov-25,Thursday,"Integrated audit trail system, created PDF export for audit logs, enhanced data security",v2.1.0,Approved,Audit trail very useful. Request: add email notifications
25-Nov-25,Tuesday,"Released v2.1.0: Enhanced security, professional UI, comprehensive documentation",v2.1.0,Approved,Version 2.1.0 approved for production deployment
01-Dec-25,Monday,"Fixed OTP password reset workflow (removed), removed deprecated features, cleaned up codebase",v2.1.1,Removed Later,OTP password reset removal approved - Should use payed API's
05-Dec-25,Friday,"Added AI Analytics features - predictive risk scoring, pattern detection, early warning system",v2.2.0,Approved,AI features stable with 87% accuracy - Performance optimized in later versions
10-Dec-25,Wednesday,"Implemented CSV bulk student import, enhanced Excel export, added data validation",v2.2.0,Approved,CSV import feature approved. Very useful for bulk operations
15-Dec-25,Monday,"Added ML model training - trained on historical attendance data, integrated predictions",v2.2.0,Approved,ML model accuracy: 87%. Consider improving dataset
20-Dec-25,Saturday,"Released v2.2.0: AI Analytics, Faculty management, CSV import, enhanced features",v2.2.0,Approved,v2.2.0 approved. Ready for wider trial
25-Dec-25,Thursday,"Dark mode implementation, faculty status indicators, enhanced admin dashboard",v3.0.0,Approved,Dark mode fully implemented and working smoothly
01-Jan-26,Thursday,"Mobile optimization, hamburger menu, responsive design improvements, touch-friendly UI",v3.0.0,Approved,Mobile UI fully responsive and tested on multiple devices
05-Jan-26,Monday,"Fixed ESLint warnings, removed unused imports, code optimization and cleanup",v3.0.0,Approved,Code quality improved. Good optimization
10-Jan-26,Saturday,"Performance optimizations: implemented useMemo, optimized API calls, reduced bundle size",v3.0.0,Approved,Performance improvements excellent - 40-50% faster page loads
15-Jan-26,Wednesday,"Released v3.0.0: Dark mode, performance optimizations, mobile improvements, enhanced UI",v3.0.0,Approved,v3.0.0 approved. Production deployment ready
20-Jan-26,Monday,"Integrated audit trail viewer in admin management, professional PDF export with encoding",v3.1.0,Approved,Audit trail viewer working perfectly with PDF export
25-Jan-26,Saturday,"Added security hardening - rate limiting, input validation, SQL injection prevention",v3.1.0,Approved,Security improvements approved. 2FA planned for future release (v4.0)
01-Feb-26,Saturday,"Implemented tab switching feature for better navigation, removed emoji characters for professional UI",v3.1.0,Approved,Tab navigation improves UX significantly - Professional icons integrated successfully
05-Feb-26,Wednesday,"Fixed multiple bugs - student profile search, graduation logic, new student registration issues",v3.1.0,Approved,Critical bugs fixed. System stability improved
10-Feb-26,Monday,"Server-side search implementation - fixed pagination issue, improved search performance",v3.1.0,Approved,Search optimization resolved empty page issue
15-Feb-26,Saturday,"Enhanced Student Master Data - year-semester validation, smart defaults, visual indicators",v3.1.0,Approved,UI improvements make data entry faster and more accurate
20-Feb-26,Wednesday,Implemented graduation export system - CSV export of graduated students with auto-deletion,v3.1.0,Approved,Graduation feature meets requirements. Ready for production
22-Feb-26,Friday,"Released v3.1.0: Bug fixes, search optimization, graduation export, README cleanup",v3.1.0,Approved,v3.1.0 approved. Complete project documentation finalized
25-Feb-26,Tuesday,"Final documentation created - faculty request letter, development logs, deployment guides prepared",v3.1.0,Approved,Project ready for official presentation to higher officials
